title,url
"这个买房忠告,你一定要听",https://mp.weixin.qq.com/s/HQJAF4KfgsO_uyxCYl8R7g
我想涨工资,https://mp.weixin.qq.com/s/iPtmCjLQ5fnSUaZlMQhb2A
字节跳动月薪 5 万招运营，看到要求我傻眼了,https://mp.weixin.qq.com/s/hYaSFqWIvpQuIxAi1cg1Pw
给想进大厂的朋友一条忠告！,https://mp.weixin.qq.com/s/8mM0khyhJyK-qUX0PrLb8Q
为什么 Django 框架持续统治着 Python 开发？,https://mp.weixin.qq.com/s/0WYxGduy9Z-9kvrVKxnVCw
人均月薪6万起，网友：酸！,https://mp.weixin.qq.com/s/sjA1k5cOSc6H98Bpixadhg
28岁华为员工工资表曝光，牛逼的人注定会牛逼,https://mp.weixin.qq.com/s/d-XWZ0PHAT_BerdJf8kOFw
4轮拿下字节 Offer，月资45k，我吹爆这份笔记,https://mp.weixin.qq.com/s/8yT8Jo6IaUiADuycieGoIQ
那些在一个公司死磕了5-10年的人，最后都怎么样了？,https://mp.weixin.qq.com/s/2L7jmxA1H1SPDbwY2v-3rA
面试官：谈谈vue 和 React的异同点,https://mp.weixin.qq.com/s/luPkqxfzYyJUIBxi4o78VA
毕业4年，我用睡后收入买了两套房,https://mp.weixin.qq.com/s/jOzJcXDLYmM5vpJAj3xlbg
"头发越洗越油？因为你一直在无效洗头,头发越洗越油？",https://mp.weixin.qq.com/s/QyucRNz-QlgwxYumRMfrHw
从财务自由说起,https://mp.weixin.qq.com/s/jMoeDZNkJon3MhNZ82dHjA
赚了赚了！,https://mp.weixin.qq.com/s/EpKm0kj7AsouewBZAkoj7w
没有性生活的女人，都很穷？！,https://mp.weixin.qq.com/s/lX5DHC2pYMD0fbZLObm1uw
清华牛人是怎么玩数据分析的？,https://mp.weixin.qq.com/s/hC27F-CwendQw6Qg0tpnFQ
能做对这道算法题的人，最后都去了脸书！,https://mp.weixin.qq.com/s/41dsiWzB8ftyAkusAENjKg
人脸识别，凉了？, https://mp.weixin.qq.com/s/Uvrv1Q4OtyNYSxv7cM_lcA
那些让你起飞的计算机基础知识, https://mp.weixin.qq.com/s/vHH39eS3kqvMCXkmvLOCjQ
跟你说个笑话，我毕业二年了，天天人肉提数..., https://mp.weixin.qq.com/s/d6FTJFwN3TAKYVc7KZEWEQ
B站疯传，堪称最强，一套Python数据分析资源，白拿不谢！, https://mp.weixin.qq.com/s/Ump6gxEzq0-2RO1kUGGo-A
80w年薪入职阿里，Node.js必须引起重视了, https://mp.weixin.qq.com/s/t_eqhH5nQ8aGczNeQmFayQ
哥们别闹，你离资深前端还远着呢, https://mp.weixin.qq.com/s/l401I0LCrNgzzBQmd9tsGw
学了这么久Python，竟然还没有搞清楚这件事……？！, https://mp.weixin.qq.com/s/VhoRl9ispyAJCFnf9244Uw
刚刚！字节跳动启动史上最大规模扩招，急缺这类Python人才！, https://mp.weixin.qq.com/s/MrFksBnOpurzq6YN-5QWWg
基金为何暴跌，教你用Python揭穿其中奥秘！, https://mp.weixin.qq.com/s/UfxPAoEtRKJQ1tuEb3Z2dA
收到字节 Offer，月薪 45k，爽！, https://mp.weixin.qq.com/s/07qIWbz3jTe8XY655DJ-zA