text,label
shoucichenggongzhuolu：SpaceXxingjianshifeishixiantupoxingjian feichuan spacex ceshi sn15 jinxing jiangluo keji fadongji starship zairen hangkong fashe sheji zhizao shouxi ranliao yuanxing feixing chuizhi,2
taohaoshangjihetaohaoxiashu，neigegengzhongyao？xiashu yuangong guanlizhe guanli gongzuo tuandui fangshi yinsu tiaozhan manyi chengzhang fazhan pingjia jili rencai tiaozhanxing manzu keneng biaoxian xuyao,2
jiemi！alishishishucangfenbushishiwuScale Outshejimaster shiwu shixian jinxing xitong fenbushi gxid xingneng shuju pg xieyi gtm main jincheng jiedian xuyao xinxi chaxun multi adb,2
nianlingbushiwenti！dangxia meiyou zhongnian shenzhen weilai xingqiu gongsi weiji dangshi xiuxing zhunbei huati rensheng lanjun jiaolvzheng leisi lianjia xingkong kandao wuxu,2
pengyouquwangyimianshi，guale～jishu shixian diceng xuyao gongzuo yingyong nengli yewu xuexi c++ changjing jingyan jizhi fankui chengxuyuan daima jincheng suanfa xuqiu wufa,2
youyijiagongsifangqizidongjiashiyanjiu！Lyftzuojia5.5yimeiyuanbagaiyewumailelyft zidong jishu uber gongsi jiashi yewu bumen planet xuyao jiaoyi biaoshi atg shijian chushou https news shijie luodi zhifu,2
NLPmoxing「kelijiefenxi+pingjiapaihangbang」，CMUzuixingongjuzhunizhaodaohaoideamoxing xitong explainaboard yuyan paihangbang fenxi fazhan lijie wenti yuce keyan wajue renwu jiehe sheji lingyu muqian zhuanhuacheng gongzuo yuedu,2
juedingchuangyedenageshunjiangushi meiguo chuangye vp yinhang diversity shiqing meiyou beijing shouyinyuan dajia kandao dalao jinsheng gongzuo yinggai gaosu guanli jialifuniya niuyue,2
jiyuNVIDIA GPUheRAPIDSjiasuSpark 3.0gpu shuju cpu spark birushuo shuffle jiasu keneng banben zhichi chuli tuijian rapids caozuo dadao muqian dajia youhua fenxiang wangluo,2
chixuxinghunchidengsitongyong kanyikan dakai shezhi faxian guanli rukou guanbi,2
shijianzhihou，womenlaitantanruhezuohaoweixiejianmoanquan yewu weixie jianmo xitong tuandui fengxian chanpin meiyou jishu wenti fuwu sheji gongji jinxing xuyao gongju jiejue pingshen gongjizhe,2
yongbuxiaoshidexiaohongdianyonghu xiaoxi tuisong xinxi chanpin xuanze keneng cengmian jizhi laji xuyao kongzhi saorao tishi tixing wenti tongzhi ikonimages gaopin rezhong,2
Flinkzaikuaishoudechixuyouhuayushijianrenwu qidong flink guzhang jiqun kafka shuju source sql juhe youhua baokuo luoji wenti ziyuan sink xuyao yewu fenxiang task,2
beikejiyushilitupudeyingyongyushijianzhishi shuju peixun yewu jingjiren tupu beike yingyong guocheng hangye suqiu zuoye jinxing shili nenggou zhiliang gongsi youeryuan fangshi shiti,2
k8sxuexizhilu【02.jichugainianjieshao】pod nginx deployment kubectl kubernetes k8s rongqi chuangjian ruxia fuwu gainian duixiang service wenti jinxing leixing replicaset guanli meiyou jiqun,2
chaoyueI2Ihexiangliangneiji，taobaoxinyidaizhaohuifanshi：PDNmoxingshangpin yonghu zhaohui moxing biaoshi pdn xinxi jinxing i2i trigger xiangliang fangfa suoyin simnet liyong fanshi tuijian keneng jianmo bufen,2
Uber dezhenzheng“fabao”shishujushuju gongju wenti fuwu ceshi yonghu chuangjian tigong yingyongchengxu tuandui genggai gaijin duliang jinxing rizhi shiyong guanjian daozhi zhiliang pingtai,2
gaoleyichangjianmianhuitongyong kanyikan dakai shezhi faxian guanli rukou guanbi,2
Bose，qinghua，kongzhilun……yijiyiweijihubeiyiwangdezhongguokexuejialiyurong kongzhilun gongsi meiguo mit bose mingzi zhuanli hezuo shuxue gongzuo gongcheng kongzhishi yindu yingguo lingyu qinghua chansheng boshi liulin,2
meituanServerlesspingtaiNestdetansuoyushijianyewu hanshu serverless pingtai shili fuwu liuliang ziyuan wenti kubernetes shensuo chanpin nest rongqi nengli jishu jiqi shixian youhua shiyong,2
qichezhijiashujuchuanshupingtaijiansheshijianshuju renwu flink jinxing xitong wenti kaifa shiyong pingtai jieru xuyao source zhichi chuanshu checkpoint sql gongneng yonghu fuwu guanli,2
wodebeipiaoshenghuojieshule，wohuihuailiantabeijing yunying chengshi xuanze weilai meiyou tuandui ganjue gongzuo xuyao shiqing nanjing pengyou hehuoren dajia duzhe mubiao bianji faxian renke,2
xiangrenyiyangziranliuchangdishuohua，xiayidaizhinengduihuaxitonghaiyouduozhangdeluyaozou？duihua nenggou wenti moxing jiqi yonghu keneng lijie jinxing xitong renlei yanjiu shuju xuyao tuili qinggan jiaoliu lingyu zhidao rengongzhineng,2
guanyuzhishifufeideyijianxiaoshiertantao gaikuo fufei zhishi sheji pengyou yuedu lingyu shijian liuliang boweixin buhui kending pianwenzhang shichang neirong yonghu jingpin qierudian zhuanjia,2
shiyongKubernetes，yigerenruhezhichengqichuangyegongsiyunzuo？zuozhe shiyong kubernetes jiqun zidong guanli fuwu panelbear jinxing django yunxing bushu true kehu api xuyao yingyongchengxu rongqi app aws,2
diedaikaifazhongdeweifuwuchaifenyewu fuwu chaifen xuyao shuju lingyu jiekou ceshi jinxing daima kaifa chansheng wenti lijie jiagou shujubiao shixian shangxiawen xiangmu dangqian,2
sanfenzhongjiangwenjizhuanchengzaixiandianzishuhttps hugo book sanic k8s boke gongzuo dianzishu zhuti muqian wenzhang ruxia server zhengli wenti ml xuexi fuzhi true pages,2
conglingkaishishixianyigeiOS APPxuyao gongneng xuexi shijian shiyong guocheng shixian sheji chaoshi jishu app shangpin keneng chanpin kaolv gouwu xijie xiangmu liebiao ios,2
zhongwenNERsuisuinian：liaoliaocihuizengqiangyushitiqiantaoshiti moxing span cihui wenti jiegou shibie bert mrc lstm changdu yuce ner lattice biaoshi flat ronghe weizhi guanxi keneng,2
zhishidepuji，haidayoukeweiqulv quxian zhishi wenzhang meiyou dajia hulianwang shikong jieshao yinggai gongshi xuexi chuanyue shipin shuoming jiaocheng jisuan fangcheng yonglai laizi,2
fengkongzhuzhanchang：neironganquanzhilineirong jishu shibie anquan jieshao zhili wangzhan jinxing yitu gongzuo suanfa wenzi weigui xunlian zhongguoyidong yanjiu wangluo fangmian moxing ai,2
『tiyanlexia』huagexiaoqian，banjiandashi，tuogengsayuede HomePod mini tiyanjiyinxiang homepod bofang yinliang shouji gongneng mini zhinengjiaju apple guangbo yinyue siri zidong dongxi zhongshu lanya yuyin shebei pingguo homekit,2
zhaodaofanli！boshihoushuxuejiatuifankunraoshuxuejie80duoniandedanweicaixiangcaixiang yuansu gardam fanli shuxuejia liulin daishu xiangcheng dixiao danwei xingzhuang wenti chengfa juzhen juyou niyuan xunzhao zhengming kielak yanjiu,2
zaizaoyige「gugedanao」？Samy Bengiojiarupingguo：jianglingdaoquanxinAIyanjiubumenai pingguo guge samy bengio lunwen yoshua jishu likai xuexi youjian gongzuo yanjiu danao chanpin yaoqiu zuochu xitong timnit zuozhe,2
lianbangxuexiyebuanquan？yingweidayanjiuyong「meiyouyinsi」deshujuzhijiechongjianleyuantutuxiang fangfa yanjiu tidu shuju xuexi youhua yanjiuzhe fanzhuan huifu https shuru shenjingwangluo yincang imagenet shijue baohu zhengze zhenzhi gradients,2
yizhanshijiqixuexiyunyanfapingtaimoxing mokuai wenti xuqiu shuju fuwu kaifa jinxing daima gongzuo orchest tuandui xuyao xiangmu shixian goujian zidong gongxiang pingtai guanli,2
PyPyweishenmenengrangPythonbiChaikuai？yiwenliaojieneizaijizhidaima python yuyan pypy bianyi yuandaima jieshi yunxing jieshiqi zhixing sudu shiyong time jiqima zhuanhuan javascript print shiqing jinxing keji,2
chengxuyuanxiaxiang | 35 suisuange Pjiafa xiangmu shuxue gongsi curl google dongxi adobe shijie zhuanye daxue charles world jueding lijie fuzadu xianliao pengyou xianqu gaibian,2
Ruby zhifu：buyaoweibeikaifarenyuandebennengruby kaifarenyuan shequ shiyong yuyan meiyou banben jinxing python xuanze wenti bingfa grigory ractor huiyi riben xitong hexin yingyongchengxu xihuan,2
jiamihuobiwakuangzhengzaishasi CI mianfeifuwuci kaifazhe faxian layerci huobi jiami wakuang nodejs yunxing xianzhi github shippable goujian mianfei dingjia travisci sandbox jiaoben shiyong run,2
zhihushujujichengpingtaijiansheshijianshuju flink renwu pingtai shiyong jishu yewu nenggou jinxing nengli zhihu zhichi jianshe jicheng mubiao guanli liucheng fenxiang tisheng mysql,2
ruhezuohaoxiangshangguanli，yulaobanxianghuchengjiu？shangsi guanli gongzuo xiashu guanlizhe nenggou xuyao yinggai shijian guanxi meiyou xinxi goutong huode shehui zuzhi lingdao ziyuan fangshi shuangfang,2
CTF+wadongsai！disanjiemeituanwangluoanquangaoxiaotiaozhansai，jinqikaishibaoming！jingcai yiwen anquan xiangying tianjia yingji renyuan yunying https www guanzhu gongzhong bisai wenti saichang qidai biaoxian meituan zhongxin xinhao,2
duiKafka he Pulsarjinxingxingnengceshihou，lakalajiangxiaoxipingtaitongyihuanchengle Pulsarpulsar xiaoxi shiyong jinxing cunchu shuju jiagou xingneng jiangdi queren fuwu shixian fangshi xitong broker tigong gongneng duilie schema toudi,2
mayigoujianfuwuyanjinshigoujian gongju maven jiqi daima guanli jar yilai wuli jishu mayi huancun xiangmu shiyong huanjing xuyao ziyuan build ant k8s,2
guanyudushu，niyexumeixiangguodejigewentizuozhe dushu siwei shijian xuexi yuedu zhishi kanfa liulin neirong keneng zhuiqiu xinxi faxian duzhe sikao shijie meiyou luoji zhidao,2
yewutuanduiruhetongyijiagoushejifengge？yewu jishu jimu sheji nengli zujian moxing tuandui chendian yingyong fuyong tongyong yueshu guiyue lingyu fuwu bianjie jishuxijie cangchu zhonggou,2
CVPR2021 | renhewangluodounengshanzhai！xinxingheiheduikanggongjimoniweizhiwangluojinxinggongjigongji moniqi xuexi moxing xunlian shuju tidu wangluo chaxun query task meta fangfa lunwen shuru shuchu yanjiuzhe shiyong mubiao yanjiu,2
jiyu Flutter de Web xuanranyinqing「beihai」zhengshikaiyuan！nengli kraken xuanran kaifa biaozhun kaifazhe yewu rongqi xingneng fangan wenti shoushi jishu web shiyong shuxi shixian flutter xuyao gundong,2
banlushachuyizhijitukuaidi jitu shunfeng dijia shichang shaoqian oppo kuisun shuju jinxing sudi chulai jiage butie dailai tuandui yewu baoguo yinni zaocheng,2
TGO xueyuansuoshuqiye「Kyligence」wancheng 7000 wanmeiyuan D lunrongzi | huiyuanxibaoshuju kyligence jishu quanqiu gongsi hangye fenxi ziben qiye fuwu zhongguo guoji pingtai kehu lingyu nengli kaiyuan lingxian lingdaozhe chengwei,2
meituanwaimaitezhengpingtaidejiansheyushijiantezheng pingtai moxing shuju yewu jinxing fangshi peizhi cunchu renwu jisuan shiyong xingneng nengli fenzu luoji waimai xuyao huoqu diedai,2
2021 ThoughtWorks jishuleidafenghui｜richengjijiangshihuatizonglanxinhao tw thoughtworks jishu ganhuo gushi jingxuan anli zhiwei jingdian zhaopin yugao jingcai huodong gongneng jieshao insights dongjian leida,2
alidingxiangguanggaozhinengtoufangjishutixiguanggaozhu guanggao liuliang chujia youhua yonghu yusuan jiazhi dianji pingtai suanfa toufang nenggou wenti fangshi heyue celve keneng baokuo yueshu,2
『iBeta tiyanbaogao』iOS 14.5 Beta 4 fabu，xinzeng MagSafe xiufu/zidongshengjiguanli/yinyuetiaozhengdeng 8 xianggaijinibeta ceshi yinyue banben anzhuang xuhang tiaozheng xitong gongneng wenti fabu jieli dajia youjian weizhi shijian changxian banquan magsafe faxian,2
ruheshiyongArthastigaorichangkaifaxiaolv？arthas mingling zhixing tt shiyong fangfa jilu fanhui diaoyong params wenti guance watch bushu xinxi xuanze chakan debug chajian huoqu,2
masikenaojijiekougongsiNeuralinkgaocengdongdang：lianhechuangshirenjianzongcailizhi，cengxiangjianzhuluojigongyuangongsi neuralink zhiru yanjiu jiekou naoji danao chanpin biaoshi lunwen masike lizhi https shengwu xinpian zongcai zaocheng jinxing shequ chansheng,2
Sanicjiaocheng: 2.peizhiconfig mode debug shixian huanjing peizhi import xuyao peizhiwenjian fuwu shezhi dev xitong qiehuan daan shangkan fangshi asia bufang muqian,2
Service Meshjiagouxiaderenzhengyushouquanyonghu fuwu xuyao huodong shenqing xinxi xitong service tigong luoji shouquan weixin jiancha fangwen shuju chuli sidecar chengyuan tuandui yewu,2
shiniansancizhongdajiagoushengji，weiboyingdui“jiduanredian”dejinjiezhilujiagou yewu jishu redian tuandui yanfa gaizao liuliang jinxing xitong nengli ziyuan fuwu tixi weibo wenti baozhang fangan chengben zhili,2
fanxiangchuanbosuanfaruhegongzuohanshu quanzhong wucha shuchu jisuan dechu bianhua daijia xiangliang suanfa https gongshi mianfei xianeryijian yingxiang biaoshi chuanbo lizi fanxiang pianzhi,2
shejimoshi——jiyurongqidefenbushixitongrongqi moshi yingyongchengxu jinxing xuyao gongzuo jiekou shiyong shixian jiedian chuli xuanju xitong qingqiu tigong fuwu fenbushixitong gongneng daima yunxing,2
Ruiayibupachongkuangjiakuaisukaishijiaochengruia item https mubiao spider pachong shuju url daima tiqu css hacker wangye request jinxing import zidong shiyong chajian news,2
wojiaoleijunzaoqichediandongche xiaomi jishu keneng qiche shichang meiyou chengben qiyouche dianchi juede yinggai xianzai shouji zhenghe chuantong xuhang yanfa chanpin fazhan,2
5Gdechuntianhaiyouduoyuanwangluo xingqiu renmen gugan shidai yongjin yidong tiyan chuanshu jiazhiguan nengli duzhe meiyou guanggao guanggaozhu cuncuntong caiwu hulianwang wanwu lande,2
biandishiqian，weishenmejianbudao？hulianwang xianzai shidai jihui weilai zhongguo gongsi dangshi touzi wangluo fazhan toupai tingshuo meiyou juede netscape xiaomi guanghuan anli dangnian,2
renbuzhutantanfangshikeneng fangchan panduan jiage loupan chaozhi fazhan fangzi xuyao touzi meiyou fengxian juede fangyuan chengjiao linju maifang caineng jihui kongjian,2
xinjiapodejiaoyushibushihenbiantaixinjiapo zhongguo jiaoyu mingxiao chengji haizi oumei gaokao dingjian yali shijie xuexi meiyou daxue menkan zinv zhuanye shuiping xiangbi nver,2
qiantanfengkongdejiagouguize shuju celve chuli pingtai jinxing meiyou zhuanfa yewu duibi jilu yangmao weixin qingxi shibushi laizi zuduan hangye xuyao rengong,2
congxiaoyuandaozhichang，niduiqianjinghenmimang？gongsi gongzuo yewu yuangong laoban zhichang renzhi lingdao mubiao jiazhi shuju tisheng keneng chuangye qiye geju xiwang fangxiang xuyao chufa,2
niguanzhepowanyijiaoshaobing？jiedian shaobing redis mingling slave xiaxian chuli laoban yuanma daima ping fasong jiankong jinxing faxian yuedu xuanze qidong chengxu xinxi,2
zuiduonengchuangjianduoshaoge TCP lianjie？laocao xianzhi duankouhao lianjie xianzai wenjian neicun miaoshufu xiancheng hanbao tcp wenti ip chuangjian zhiling gaosu jinxing ziyuan mubiao duankou,2
kanshu vs kanshipin vs zixueyingxiang zhichi zhuanzhang weixin erweima ios guanbi gongneng zanshang pingguogongsi guiding gongzhong,2
Linux xieshifuzhijizhiyuanlijincheng neicun xunineicun yingshe fuzhi wuli jinxing shiyong dizhi linux caozuo shixian xuyao chuangjian diaoyong jizhi guocheng suoshi duxie xiugai,2
shangdishijiaokanjinchengdiaodujincheng caozuoxitong task counter zhongduan long shijiao cpu diaodu timer qiehuan shangxiawen hanshu ecx zhixing tss zhuangtai tiaozhuan switch dengdai,2
niguanzhepowanyijiao RDBneicun jincheng kehuduan baozheng shijian redis caozuoxitong zhuren mingling xiangxiangkan guocheng meiyou fuzhi shoutou yonghu bgsavecommand biancheng db shuju quanbu,2
heifenerheifen fensi mingqi geshou chengwei xihuan yingwen meiyou kancheng zenghen chengjiu haodeduo busuan penzi diwei yuedu kuada shoucuo zhidao keneng,2
zhongguowangluomeitinajiaqiang？meiti fazhan baogao wangluomeiti neirong jianshe gongyi buju shangye shehui jishu biaoming weidu bangdan tengxunwang xiegao daowei deyiyu yaoyan pixabay,2
dianyingyuanlideguaiyichuangxindianying zuowei anmo dianyingyuan tiyan anmoyi kanzhe pingmu liezhi yonglai fufei clickalps gaopin chuangxin xiaoshi weier putong chulai wufa shangqu,2
tantanzaixianwenzhenfuwuyisheng pingtai keneng huida wenti huanzhe shijian yonghu ziyuan neirong zhuanye zhuanjia jiusuan tiwen tichu shiqing science xuesheng fuwu chengdu,2
pingguofabuhuiguanhouganpingguo chanpinxian chanpin wenti gongsi yonghu caozuoxitong mingbai erji gaoqing peizhi chazhao kending airtag aimashi biaoqing qiaobusi huazhi qianzhi zheneng,2
kaigongsuiyiliaoliaotongyong kanyikan dakai shezhi faxian guanli rukou guanbi,2
genjigechengxuyuanliaoleliaotamendemeiyuexinzishourudajia jishu gongsi kaifa chengxuyuan xinzi huige fenxiang qiangge beijing jiaban tiaocao qunli taofang shuyu pengyou jiagoushi pingshi wenzhang jiben,2
COLA 4.0：yingyongjiagoudezuijiashijianjiagou lingyu cola yingyong yewu chuli gongneng zujian yilai xitong jiegou sheji fuwu shiyong dingyi jinxing component xuyao ouhe yinggai,2
yiwenjiaonirenqinglingyumoxingheshujumoxingshuju yewu shujumoxing lingyu sheji kuozhan moxing daima kuozhanxing ziduan yinggai gainian wenti duixiang xitong jianmo baojia shujuku mianxiang shangpin,2
fuzaxingyingduizhidao——weidusiweiyewu shangpin daima fenxi jiancha weidu dingdan sikao fangfalun shangjia juzhen liucheng duoweidu lijie item keneng siwei zuhe xuyao fangshi,2
weishenmeshuoyingyongjiagouxuyaofenleisiwei？module fenlei jiagou yewu cola jishu yingyong zuzhi component gainian renwei lingyu huafen jiegou meiyou nengli sixiang wenti lijie jinxing,2
aokamutidao：rangshiqinghuiguijiandancola private sheji shiyong xingxing jiagou gongneng aokamu kuangjia yingyong commandbus tuandui spring cmd tmf zengjia shiqing dixinshuo fangshi interceptor,2
chengxuyuanbibeidesiweinengli：chouxiangsiweichouxiang gainian daima chouxiangcengci mingming chouxiangsiwei lijie jinxing wenti sheji guocheng siwei xuyao shiyong fangfa nengli fruit biaoda string xitong,2
chengxuyuanbibeidesiweinengli：jiegouhuasiweijiegou wenti xinxi luoji meiyou offer danao jinxing zuzhi xuyao siwei jinzita xitong daima fangshi jielun jiegouhua faxian luojiguanxi guina,2
weishenme Kubernetes yaotihuan Dockerreturns docker kubernetes rongqi rpc cri jiekou dockershim meiyou kubelet shequ tigong xuyao weihu shixian zhichi yonghu gongneng shiyong daima,2
nigairuhewei Kubernetes dingzhitexingreturns kubernetes rpc jiekou shixian api xuyao ziyuan diaodu rongqi ctx fuwu chajian shequ csi interface admission xiangmu kuozhan jiqun,2
CPU he GPU - yigoujisuandeyanjinyufazhancpu gpu hexin zhixing zhiling xuyao jisuan chuliqi huancun tigao gongchengshi jiagou sheji renwu lianjie neicun shuju shiyong chuli zengjia,2
Google shujuzhongxindedianlichaoshou · OSDI '20ziyuan xianzhi cpu dianli shiyong lunwen jiqun chaoshou xitong meiyou shujuzhongxin osdi baozheng thunderbolt fuwu diaodu shijian tigao jisuan xingneng,2
weishenmezaoqide Windows xuyaozhenglisuipiancipan wenjian wenjianxitong xuyao suipian shiyong fat xitong jintian windows wenti yingpan xieru ruanpan jixie shuju duqu sheji https neirong,2
weishenme Linux he macOS buxuyaosuipianzhenglisuipian sheji yingpan zhengli wenjianxitong xingneng yingjian cipan gutai keneng wenjian jixie https windows meiyou macos shiyong xitong xiangguan linux,2
jiqunguanlixitong Mesos deshejiyuanli · NSDI '11diaodu kuangjia mesos jiqun jiedian tigong renwu kubernetes ziyuan lunwen jishu gongzuo sheji xitong tigao design shiyong jintian xuyao xiangguan,2
Facebook jiqundiaoduguanlixitong · OSDI 2020jiqun jiqi kubernetes twine ziyuan guanli yewu duli shixian peizhi xuyao lunwen diaodu shiyong cunchuxitong facebook nenggou quanli osdi fuzai,2
tantan Kubernetes dewentihejuxianxingkubernetes jiqun ziyuan shequ renwu guanli https wenti nenggou diaodu jiedian api rongqi cluster lianbang xuyao sig zuhu keneng shiyong,2
